"","Sensitivity","Specificity","Pos Pred Value","Neg Pred Value","Precision","Recall","F1","Prevalence","Detection Rate","Detection Prevalence","Balanced Accuracy"
"Class: 1",0.848484848484849,0.972602739726027,0.933333333333333,0.934210526315789,0.933333333333333,0.848484848484849,0.888888888888889,0.311320754716981,0.264150943396226,0.283018867924528,0.910543794105438
"Class: 2",0.708333333333333,0.914634146341463,0.708333333333333,0.914634146341463,0.708333333333333,0.708333333333333,0.708333333333333,0.226415094339623,0.160377358490566,0.226415094339623,0.811483739837398
"Class: 3",0.896551724137931,0.909090909090909,0.787878787878788,0.958904109589041,0.787878787878788,0.896551724137931,0.838709677419355,0.273584905660377,0.245283018867925,0.311320754716981,0.90282131661442
"Class: 4",0.7,0.941860465116279,0.736842105263158,0.931034482758621,0.736842105263158,0.7,0.717948717948718,0.188679245283019,0.132075471698113,0.179245283018868,0.82093023255814
