"","Sensitivity","Specificity","Pos Pred Value","Neg Pred Value","Precision","Recall","F1","Prevalence","Detection Rate","Detection Prevalence","Balanced Accuracy"
"Class: 1",0.939393939393939,0.958904109589041,0.911764705882353,0.972222222222222,0.911764705882353,0.939393939393939,0.925373134328358,0.311320754716981,0.292452830188679,0.320754716981132,0.94914902449149
"Class: 2",0.75,0.963414634146341,0.857142857142857,0.929411764705882,0.857142857142857,0.75,0.8,0.226415094339623,0.169811320754717,0.19811320754717,0.856707317073171
"Class: 3",0.827586206896552,0.883116883116883,0.727272727272727,0.931506849315069,0.727272727272727,0.827586206896552,0.774193548387097,0.273584905660377,0.226415094339623,0.311320754716981,0.855351545006717
"Class: 4",0.55,0.918604651162791,0.611111111111111,0.897727272727273,0.611111111111111,0.55,0.578947368421053,0.188679245283019,0.10377358490566,0.169811320754717,0.734302325581395
