"","Sensitivity","Specificity","Pos Pred Value","Neg Pred Value","Precision","Recall","F1","Prevalence","Detection Rate","Detection Prevalence","Balanced Accuracy"
"Class: 1",0.939393939393939,0.945205479452055,0.885714285714286,0.971830985915493,0.885714285714286,0.939393939393939,0.911764705882353,0.311320754716981,0.292452830188679,0.330188679245283,0.942299709422997
"Class: 2",0.666666666666667,0.963414634146341,0.842105263157895,0.908045977011494,0.842105263157895,0.666666666666667,0.744186046511628,0.226415094339623,0.150943396226415,0.179245283018868,0.815040650406504
"Class: 3",0.862068965517241,0.883116883116883,0.735294117647059,0.944444444444444,0.735294117647059,0.862068965517241,0.793650793650794,0.273584905660377,0.235849056603774,0.320754716981132,0.872592924317062
"Class: 4",0.55,0.918604651162791,0.611111111111111,0.897727272727273,0.611111111111111,0.55,0.578947368421053,0.188679245283019,0.10377358490566,0.169811320754717,0.734302325581395
