"","Sensitivity","Specificity","Pos Pred Value","Neg Pred Value","Precision","Recall","F1","Prevalence","Detection Rate","Detection Prevalence","Balanced Accuracy"
"Class: 1",0.575757575757576,0.753424657534247,0.513513513513513,0.797101449275362,0.513513513513513,0.575757575757576,0.542857142857143,0.311320754716981,0.179245283018868,0.349056603773585,0.664591116645911
"Class: 2",0.333333333333333,0.890243902439024,0.470588235294118,0.820224719101123,0.470588235294118,0.333333333333333,0.390243902439024,0.226415094339623,0.0754716981132075,0.160377358490566,0.611788617886179
"Class: 3",0.517241379310345,0.818181818181818,0.517241379310345,0.818181818181818,0.517241379310345,0.517241379310345,0.517241379310345,0.273584905660377,0.141509433962264,0.273584905660377,0.667711598746082
"Class: 4",0.55,0.86046511627907,0.478260869565217,0.891566265060241,0.478260869565217,0.55,0.511627906976744,0.188679245283019,0.10377358490566,0.216981132075472,0.705232558139535
