"","Sensitivity","Specificity","Pos Pred Value","Neg Pred Value","Precision","Recall","F1","Prevalence","Detection Rate","Detection Prevalence","Balanced Accuracy"
"Class: 1",0.96969696969697,0.958904109589041,0.914285714285714,0.985915492957746,0.914285714285714,0.96969696969697,0.941176470588235,0.311320754716981,0.30188679245283,0.330188679245283,0.964300539643005
"Class: 2",0.708333333333333,0.98780487804878,0.944444444444444,0.920454545454546,0.944444444444444,0.708333333333333,0.80952380952381,0.226415094339623,0.160377358490566,0.169811320754717,0.848069105691057
"Class: 3",0.931034482758621,0.896103896103896,0.771428571428571,0.971830985915493,0.771428571428571,0.931034482758621,0.84375,0.273584905660377,0.254716981132075,0.330188679245283,0.913569189431258
"Class: 4",0.7,0.953488372093023,0.777777777777778,0.931818181818182,0.777777777777778,0.7,0.736842105263158,0.188679245283019,0.132075471698113,0.169811320754717,0.826744186046512
