"","Sensitivity","Specificity","Pos Pred Value","Neg Pred Value","Precision","Recall","F1","Prevalence","Detection Rate","Detection Prevalence","Balanced Accuracy"
"Class: 1",0.939393939393939,0.972602739726027,0.939393939393939,0.972602739726027,0.939393939393939,0.939393939393939,0.939393939393939,0.311320754716981,0.292452830188679,0.311320754716981,0.955998339559983
"Class: 2",0.666666666666667,0.939024390243902,0.761904761904762,0.905882352941176,0.761904761904762,0.666666666666667,0.711111111111111,0.226415094339623,0.150943396226415,0.19811320754717,0.802845528455284
"Class: 3",0.793103448275862,0.857142857142857,0.676470588235294,0.916666666666667,0.676470588235294,0.793103448275862,0.73015873015873,0.273584905660377,0.216981132075472,0.320754716981132,0.82512315270936
"Class: 4",0.6,0.930232558139535,0.666666666666667,0.909090909090909,0.666666666666667,0.6,0.631578947368421,0.188679245283019,0.113207547169811,0.169811320754717,0.765116279069767
