"","Sensitivity","Specificity","Pos Pred Value","Neg Pred Value","Precision","Recall","F1","Prevalence","Detection Rate","Detection Prevalence","Balanced Accuracy"
"Class: 1",0.606060606060606,0.547945205479452,0.377358490566038,0.754716981132076,0.377358490566038,0.606060606060606,0.465116279069767,0.311320754716981,0.188679245283019,0.5,0.577002905770029
"Class: 2",0.291666666666667,0.890243902439024,0.4375,0.811111111111111,0.4375,0.291666666666667,0.35,0.226415094339623,0.0660377358490566,0.150943396226415,0.590955284552846
"Class: 3",0.413793103448276,0.844155844155844,0.5,0.792682926829268,0.5,0.413793103448276,0.452830188679245,0.273584905660377,0.113207547169811,0.226415094339623,0.62897447380206
"Class: 4",0.2,0.895348837209302,0.307692307692308,0.827956989247312,0.307692307692308,0.2,0.242424242424242,0.188679245283019,0.0377358490566038,0.122641509433962,0.547674418604651
