"","Sensitivity","Specificity","Pos Pred Value","Neg Pred Value","Precision","Recall","F1","Prevalence","Detection Rate","Detection Prevalence","Balanced Accuracy"
"Class: 1",0.96969696969697,0.958904109589041,0.914285714285714,0.985915492957746,0.914285714285714,0.96969696969697,0.941176470588235,0.311320754716981,0.30188679245283,0.330188679245283,0.964300539643005
"Class: 2",0.708333333333333,0.98780487804878,0.944444444444444,0.920454545454546,0.944444444444444,0.708333333333333,0.80952380952381,0.226415094339623,0.160377358490566,0.169811320754717,0.848069105691057
"Class: 3",0.862068965517241,0.896103896103896,0.757575757575758,0.945205479452055,0.757575757575758,0.862068965517241,0.806451612903226,0.273584905660377,0.235849056603774,0.311320754716981,0.879086430810569
"Class: 4",0.7,0.930232558139535,0.7,0.930232558139535,0.7,0.7,0.7,0.188679245283019,0.132075471698113,0.188679245283019,0.815116279069767
