"","Sensitivity","Specificity","Pos Pred Value","Neg Pred Value","Precision","Recall","F1","Prevalence","Detection Rate","Detection Prevalence","Balanced Accuracy"
"Class: 1",0.939393939393939,0.972602739726027,0.939393939393939,0.972602739726027,0.939393939393939,0.939393939393939,0.939393939393939,0.311320754716981,0.292452830188679,0.311320754716981,0.955998339559983
"Class: 2",0.875,0.975609756097561,0.91304347826087,0.963855421686747,0.91304347826087,0.875,0.893617021276596,0.226415094339623,0.19811320754717,0.216981132075472,0.92530487804878
"Class: 3",0.862068965517241,0.922077922077922,0.806451612903226,0.946666666666667,0.806451612903226,0.862068965517241,0.833333333333333,0.273584905660377,0.235849056603774,0.292452830188679,0.892073443797582
"Class: 4",0.7,0.941860465116279,0.736842105263158,0.931034482758621,0.736842105263158,0.7,0.717948717948718,0.188679245283019,0.132075471698113,0.179245283018868,0.82093023255814
