"","Sensitivity","Specificity","Pos Pred Value","Neg Pred Value","Precision","Recall","F1","Prevalence","Detection Rate","Detection Prevalence","Balanced Accuracy"
"Class: 1",0.909090909090909,0.986301369863014,0.967741935483871,0.96,0.967741935483871,0.909090909090909,0.9375,0.311320754716981,0.283018867924528,0.292452830188679,0.947696139476961
"Class: 2",0.75,0.951219512195122,0.818181818181818,0.928571428571429,0.818181818181818,0.75,0.782608695652174,0.226415094339623,0.169811320754717,0.207547169811321,0.850609756097561
"Class: 3",0.862068965517241,0.896103896103896,0.757575757575758,0.945205479452055,0.757575757575758,0.862068965517241,0.806451612903226,0.273584905660377,0.235849056603774,0.311320754716981,0.879086430810569
"Class: 4",0.7,0.930232558139535,0.7,0.930232558139535,0.7,0.7,0.7,0.188679245283019,0.132075471698113,0.188679245283019,0.815116279069767
