"","Sensitivity","Specificity","Pos Pred Value","Neg Pred Value","Precision","Recall","F1","Prevalence","Detection Rate","Detection Prevalence","Balanced Accuracy"
"Class: 1",0.96969696969697,0.945205479452055,0.888888888888889,0.985714285714286,0.888888888888889,0.96969696969697,0.927536231884058,0.311320754716981,0.30188679245283,0.339622641509434,0.957451224574512
"Class: 2",0.75,0.975609756097561,0.9,0.930232558139535,0.9,0.75,0.818181818181818,0.226415094339623,0.169811320754717,0.188679245283019,0.86280487804878
"Class: 3",0.862068965517241,0.909090909090909,0.78125,0.945945945945946,0.78125,0.862068965517241,0.819672131147541,0.273584905660377,0.235849056603774,0.30188679245283,0.885579937304075
"Class: 4",0.6,0.930232558139535,0.666666666666667,0.909090909090909,0.666666666666667,0.6,0.631578947368421,0.188679245283019,0.113207547169811,0.169811320754717,0.765116279069767
