"","Sensitivity","Specificity","Pos Pred Value","Neg Pred Value","Precision","Recall","F1","Prevalence","Detection Rate","Detection Prevalence","Balanced Accuracy"
"Class: 1",0.909090909090909,0.972602739726027,0.9375,0.959459459459459,0.9375,0.909090909090909,0.923076923076923,0.311320754716981,0.283018867924528,0.30188679245283,0.940846824408468
"Class: 2",0.666666666666667,0.939024390243902,0.761904761904762,0.905882352941176,0.761904761904762,0.666666666666667,0.711111111111111,0.226415094339623,0.150943396226415,0.19811320754717,0.802845528455284
"Class: 3",0.827586206896552,0.896103896103896,0.75,0.932432432432432,0.75,0.827586206896552,0.786885245901639,0.273584905660377,0.226415094339623,0.30188679245283,0.861845051500224
"Class: 4",0.6,0.895348837209302,0.571428571428572,0.905882352941176,0.571428571428571,0.6,0.585365853658537,0.188679245283019,0.113207547169811,0.19811320754717,0.747674418604651
