"","Sensitivity","Specificity","Pos Pred Value","Neg Pred Value","Precision","Recall","F1","Prevalence","Detection Rate","Detection Prevalence","Balanced Accuracy"
"Class: 1",0.939393939393939,0.972602739726027,0.939393939393939,0.972602739726027,0.939393939393939,0.939393939393939,0.939393939393939,0.311320754716981,0.292452830188679,0.311320754716981,0.955998339559983
"Class: 2",0.583333333333333,0.951219512195122,0.777777777777778,0.886363636363636,0.777777777777778,0.583333333333333,0.666666666666667,0.226415094339623,0.132075471698113,0.169811320754717,0.767276422764228
"Class: 3",0.758620689655172,0.87012987012987,0.6875,0.905405405405405,0.6875,0.758620689655172,0.721311475409836,0.273584905660377,0.207547169811321,0.30188679245283,0.814375279892521
"Class: 4",0.6,0.872093023255814,0.521739130434783,0.903614457831325,0.521739130434783,0.6,0.558139534883721,0.188679245283019,0.113207547169811,0.216981132075472,0.736046511627907
