"","Sensitivity","Specificity","Pos Pred Value","Neg Pred Value","Precision","Recall","F1","Prevalence","Detection Rate","Detection Prevalence","Balanced Accuracy"
"Class: 1",0.424242424242424,0.73972602739726,0.424242424242424,0.73972602739726,0.424242424242424,0.424242424242424,0.424242424242424,0.311320754716981,0.132075471698113,0.311320754716981,0.581984225819842
"Class: 2",0.333333333333333,0.853658536585366,0.4,0.813953488372093,0.4,0.333333333333333,0.363636363636364,0.226415094339623,0.0754716981132075,0.188679245283019,0.59349593495935
"Class: 3",0.482758620689655,0.688311688311688,0.368421052631579,0.779411764705882,0.368421052631579,0.482758620689655,0.417910447761194,0.273584905660377,0.132075471698113,0.358490566037736,0.585535154500672
"Class: 4",0.3,0.895348837209302,0.4,0.846153846153846,0.4,0.3,0.342857142857143,0.188679245283019,0.0566037735849057,0.141509433962264,0.597674418604651
