"","Sensitivity","Specificity","Pos Pred Value","Neg Pred Value","Precision","Recall","F1","Prevalence","Detection Rate","Detection Prevalence","Balanced Accuracy"
"Class: 1",0.939393939393939,0.958904109589041,0.911764705882353,0.972222222222222,0.911764705882353,0.939393939393939,0.925373134328358,0.311320754716981,0.292452830188679,0.320754716981132,0.94914902449149
"Class: 2",0.833333333333333,0.963414634146341,0.869565217391304,0.951807228915663,0.869565217391304,0.833333333333333,0.851063829787234,0.226415094339623,0.188679245283019,0.216981132075472,0.898373983739837
"Class: 3",0.862068965517241,0.909090909090909,0.78125,0.945945945945946,0.78125,0.862068965517241,0.819672131147541,0.273584905660377,0.235849056603774,0.30188679245283,0.885579937304075
"Class: 4",0.6,0.941860465116279,0.705882352941177,0.910112359550562,0.705882352941177,0.6,0.648648648648649,0.188679245283019,0.113207547169811,0.160377358490566,0.77093023255814
