"","Sensitivity","Specificity","Pos Pred Value","Neg Pred Value","Precision","Recall","F1","Prevalence","Detection Rate","Detection Prevalence","Balanced Accuracy"
"Class: 1",0.424242424242424,0.657534246575342,0.358974358974359,0.716417910447761,0.358974358974359,0.424242424242424,0.388888888888889,0.311320754716981,0.132075471698113,0.367924528301887,0.540888335408883
"Class: 2",0.166666666666667,0.804878048780488,0.2,0.767441860465116,0.2,0.166666666666667,0.181818181818182,0.226415094339623,0.0377358490566038,0.188679245283019,0.485772357723577
"Class: 3",0.310344827586207,0.701298701298701,0.28125,0.72972972972973,0.28125,0.310344827586207,0.295081967213115,0.273584905660377,0.0849056603773585,0.30188679245283,0.505821764442454
"Class: 4",0.05,0.837209302325581,0.0666666666666667,0.791208791208791,0.0666666666666667,0.05,0.0571428571428571,0.188679245283019,0.00943396226415094,0.141509433962264,0.443604651162791
