"","Sensitivity","Specificity","Pos Pred Value","Neg Pred Value","Precision","Recall","F1","Prevalence","Detection Rate","Detection Prevalence","Balanced Accuracy"
"Class: 1",0.96969696969697,0.972602739726027,0.941176470588235,0.986111111111111,0.941176470588235,0.96969696969697,0.955223880597015,0.311320754716981,0.30188679245283,0.320754716981132,0.971149854711499
"Class: 2",0.625,0.914634146341463,0.681818181818182,0.892857142857143,0.681818181818182,0.625,0.652173913043478,0.226415094339623,0.141509433962264,0.207547169811321,0.769817073170732
"Class: 3",0.724137931034483,0.883116883116883,0.7,0.894736842105263,0.7,0.724137931034483,0.711864406779661,0.273584905660377,0.19811320754717,0.283018867924528,0.803627407075683
"Class: 4",0.6,0.906976744186046,0.6,0.906976744186047,0.6,0.6,0.6,0.188679245283019,0.113207547169811,0.188679245283019,0.753488372093023
