"","Sensitivity","Specificity","Pos Pred Value","Neg Pred Value","Precision","Recall","F1","Prevalence","Detection Rate","Detection Prevalence","Balanced Accuracy"
"Class: 1",0.96969696969697,0.972602739726027,0.941176470588235,0.986111111111111,0.941176470588235,0.96969696969697,0.955223880597015,0.311320754716981,0.30188679245283,0.320754716981132,0.971149854711499
"Class: 2",0.833333333333333,0.951219512195122,0.833333333333333,0.951219512195122,0.833333333333333,0.833333333333333,0.833333333333333,0.226415094339623,0.188679245283019,0.226415094339623,0.892276422764228
"Class: 3",0.862068965517241,0.909090909090909,0.78125,0.945945945945946,0.78125,0.862068965517241,0.819672131147541,0.273584905660377,0.235849056603774,0.30188679245283,0.885579937304075
"Class: 4",0.65,0.965116279069767,0.8125,0.922222222222222,0.8125,0.65,0.722222222222222,0.188679245283019,0.122641509433962,0.150943396226415,0.807558139534884
