"","Sensitivity","Specificity","Pos Pred Value","Neg Pred Value","Precision","Recall","F1","Prevalence","Detection Rate","Detection Prevalence","Balanced Accuracy"
"Class: 1",0.424242424242424,0.835616438356164,0.538461538461538,0.7625,0.538461538461538,0.424242424242424,0.474576271186441,0.311320754716981,0.132075471698113,0.245283018867925,0.629929431299294
"Class: 2",0.291666666666667,0.963414634146341,0.7,0.822916666666667,0.7,0.291666666666667,0.411764705882353,0.226415094339623,0.0660377358490566,0.0943396226415094,0.627540650406504
"Class: 3",0.689655172413793,0.597402597402597,0.392156862745098,0.836363636363636,0.392156862745098,0.689655172413793,0.5,0.273584905660377,0.188679245283019,0.481132075471698,0.643528884908195
"Class: 4",0.5,0.895348837209302,0.526315789473684,0.885057471264368,0.526315789473684,0.5,0.512820512820513,0.188679245283019,0.0943396226415094,0.179245283018868,0.697674418604651
