"","Sensitivity","Specificity","Pos Pred Value","Neg Pred Value","Precision","Recall","F1","Prevalence","Detection Rate","Detection Prevalence","Balanced Accuracy"
"Class: 1",1,0.958904109589041,0.916666666666667,1,0.916666666666667,1,0.956521739130435,0.311320754716981,0.311320754716981,0.339622641509434,0.97945205479452
"Class: 2",0.75,0.975609756097561,0.9,0.930232558139535,0.9,0.75,0.818181818181818,0.226415094339623,0.169811320754717,0.188679245283019,0.86280487804878
"Class: 3",0.896551724137931,0.883116883116883,0.742857142857143,0.957746478873239,0.742857142857143,0.896551724137931,0.8125,0.273584905660377,0.245283018867925,0.330188679245283,0.889834303627407
"Class: 4",0.65,0.976744186046512,0.866666666666666,0.923076923076923,0.866666666666667,0.65,0.742857142857143,0.188679245283019,0.122641509433962,0.141509433962264,0.813372093023256
