"","Sensitivity","Specificity","Pos Pred Value","Neg Pred Value","Precision","Recall","F1","Prevalence","Detection Rate","Detection Prevalence","Balanced Accuracy"
"Class: 1",0.96969696969697,0.958904109589041,0.914285714285714,0.985915492957746,0.914285714285714,0.96969696969697,0.941176470588235,0.311320754716981,0.30188679245283,0.330188679245283,0.964300539643005
"Class: 2",0.666666666666667,0.98780487804878,0.941176470588235,0.910112359550562,0.941176470588235,0.666666666666667,0.780487804878049,0.226415094339623,0.150943396226415,0.160377358490566,0.827235772357723
"Class: 3",0.96551724137931,0.87012987012987,0.736842105263158,0.985294117647059,0.736842105263158,0.96551724137931,0.835820895522388,0.273584905660377,0.264150943396226,0.358490566037736,0.91782355575459
"Class: 4",0.55,0.941860465116279,0.6875,0.9,0.6875,0.55,0.611111111111111,0.188679245283019,0.10377358490566,0.150943396226415,0.74593023255814
