"","Sensitivity","Specificity","Pos Pred Value","Neg Pred Value","Precision","Recall","F1","Prevalence","Detection Rate","Detection Prevalence","Balanced Accuracy"
"Class: 1",0.303030303030303,0.876712328767123,0.526315789473684,0.735632183908046,0.526315789473684,0.303030303030303,0.384615384615385,0.311320754716981,0.0943396226415094,0.179245283018868,0.589871315898713
"Class: 2",0.25,0.98780487804878,0.857142857142857,0.818181818181818,0.857142857142857,0.25,0.387096774193548,0.226415094339623,0.0566037735849057,0.0660377358490566,0.61890243902439
"Class: 3",0.758620689655172,0.519480519480519,0.372881355932203,0.851063829787234,0.372881355932203,0.758620689655172,0.5,0.273584905660377,0.207547169811321,0.556603773584906,0.639050604567846
"Class: 4",0.5,0.872093023255814,0.476190476190476,0.882352941176471,0.476190476190476,0.5,0.48780487804878,0.188679245283019,0.0943396226415094,0.19811320754717,0.686046511627907
