"","Sensitivity","Specificity","Pos Pred Value","Neg Pred Value","Precision","Recall","F1","Prevalence","Detection Rate","Detection Prevalence","Balanced Accuracy"
"Class: 1",0.96969696969697,0.958904109589041,0.914285714285714,0.985915492957746,0.914285714285714,0.96969696969697,0.941176470588235,0.311320754716981,0.30188679245283,0.330188679245283,0.964300539643005
"Class: 2",0.833333333333333,0.939024390243902,0.8,0.950617283950617,0.8,0.833333333333333,0.816326530612245,0.226415094339623,0.188679245283019,0.235849056603774,0.886178861788618
"Class: 3",0.931034482758621,0.935064935064935,0.84375,0.972972972972973,0.84375,0.931034482758621,0.885245901639344,0.273584905660377,0.254716981132075,0.30188679245283,0.933049708911778
"Class: 4",0.6,0.976744186046512,0.857142857142857,0.91304347826087,0.857142857142857,0.6,0.705882352941176,0.188679245283019,0.113207547169811,0.132075471698113,0.788372093023256
