"","Sensitivity","Specificity","Pos Pred Value","Neg Pred Value","Precision","Recall","F1","Prevalence","Detection Rate","Detection Prevalence","Balanced Accuracy"
"Class: 1",0.96969696969697,0.972602739726027,0.941176470588235,0.986111111111111,0.941176470588235,0.96969696969697,0.955223880597015,0.311320754716981,0.30188679245283,0.320754716981132,0.971149854711499
"Class: 2",0.416666666666667,0.951219512195122,0.714285714285714,0.847826086956522,0.714285714285714,0.416666666666667,0.526315789473684,0.226415094339623,0.0943396226415094,0.132075471698113,0.683943089430894
"Class: 3",0.862068965517241,0.753246753246753,0.568181818181818,0.935483870967742,0.568181818181818,0.862068965517241,0.684931506849315,0.273584905660377,0.235849056603774,0.415094339622642,0.807657859381997
"Class: 4",0.4,0.930232558139535,0.571428571428571,0.869565217391304,0.571428571428571,0.4,0.470588235294118,0.188679245283019,0.0754716981132075,0.132075471698113,0.665116279069767
