"","Sensitivity","Specificity","Pos Pred Value","Neg Pred Value","Precision","Recall","F1","Prevalence","Detection Rate","Detection Prevalence","Balanced Accuracy"
"Class: 1",0.878787878787879,0.972602739726027,0.935483870967742,0.946666666666667,0.935483870967742,0.878787878787879,0.90625,0.311320754716981,0.273584905660377,0.292452830188679,0.925695309256953
"Class: 2",0.625,0.975609756097561,0.88235294117647,0.898876404494382,0.882352941176471,0.625,0.731707317073171,0.226415094339623,0.141509433962264,0.160377358490566,0.80030487804878
"Class: 3",0.896551724137931,0.844155844155844,0.684210526315789,0.955882352941177,0.684210526315789,0.896551724137931,0.776119402985075,0.273584905660377,0.245283018867925,0.358490566037736,0.870353784146888
"Class: 4",0.7,0.930232558139535,0.7,0.930232558139535,0.7,0.7,0.7,0.188679245283019,0.132075471698113,0.188679245283019,0.815116279069767
