"","Sensitivity","Specificity","Pos Pred Value","Neg Pred Value","Precision","Recall","F1","Prevalence","Detection Rate","Detection Prevalence","Balanced Accuracy"
"Class: 1",1,0.958904109589041,0.916666666666667,1,0.916666666666667,1,0.956521739130435,0.311320754716981,0.311320754716981,0.339622641509434,0.97945205479452
"Class: 2",0.791666666666667,0.98780487804878,0.95,0.941860465116279,0.95,0.791666666666667,0.863636363636364,0.226415094339623,0.179245283018868,0.188679245283019,0.889735772357723
"Class: 3",0.931034482758621,0.909090909090909,0.794117647058823,0.972222222222222,0.794117647058823,0.931034482758621,0.857142857142857,0.273584905660377,0.254716981132075,0.320754716981132,0.920062695924765
"Class: 4",0.65,0.965116279069767,0.8125,0.922222222222222,0.8125,0.65,0.722222222222222,0.188679245283019,0.122641509433962,0.150943396226415,0.807558139534884
