"","Sensitivity","Specificity","Pos Pred Value","Neg Pred Value","Precision","Recall","F1","Prevalence","Detection Rate","Detection Prevalence","Balanced Accuracy"
"Class: 1",1,0.958904109589041,0.916666666666667,1,0.916666666666667,1,0.956521739130435,0.311320754716981,0.311320754716981,0.339622641509434,0.97945205479452
"Class: 2",0.791666666666667,0.939024390243902,0.791666666666667,0.939024390243902,0.791666666666667,0.791666666666667,0.791666666666667,0.226415094339623,0.179245283018868,0.226415094339623,0.865345528455284
"Class: 3",0.793103448275862,0.896103896103896,0.741935483870968,0.92,0.741935483870968,0.793103448275862,0.766666666666667,0.273584905660377,0.216981132075472,0.292452830188679,0.844603672189879
"Class: 4",0.55,0.953488372093023,0.733333333333334,0.901098901098901,0.733333333333333,0.55,0.628571428571429,0.188679245283019,0.10377358490566,0.141509433962264,0.751744186046512
