"","Sensitivity","Specificity","Pos Pred Value","Neg Pred Value","Precision","Recall","F1","Prevalence","Detection Rate","Detection Prevalence","Balanced Accuracy"
"Class: 1",0.666666666666667,0.602739726027397,0.431372549019608,0.8,0.431372549019608,0.666666666666667,0.523809523809524,0.311320754716981,0.207547169811321,0.481132075471698,0.634703196347032
"Class: 2",0.125,0.975609756097561,0.6,0.792079207920792,0.6,0.125,0.206896551724138,0.226415094339623,0.0283018867924528,0.0471698113207547,0.55030487804878
"Class: 3",0.517241379310345,0.662337662337662,0.365853658536585,0.784615384615385,0.365853658536585,0.517241379310345,0.428571428571429,0.273584905660377,0.141509433962264,0.386792452830189,0.589789520824004
"Class: 4",0.1,0.918604651162791,0.222222222222222,0.814432989690722,0.222222222222222,0.1,0.137931034482759,0.188679245283019,0.0188679245283019,0.0849056603773585,0.509302325581395
