"","Sensitivity","Specificity","Pos Pred Value","Neg Pred Value","Precision","Recall","F1","Prevalence","Detection Rate","Detection Prevalence","Balanced Accuracy"
"Class: 1",0.909090909090909,0.986301369863014,0.967741935483871,0.96,0.967741935483871,0.909090909090909,0.9375,0.311320754716981,0.283018867924528,0.292452830188679,0.947696139476961
"Class: 2",0.541666666666667,0.939024390243902,0.722222222222222,0.875,0.722222222222222,0.541666666666667,0.619047619047619,0.226415094339623,0.122641509433962,0.169811320754717,0.740345528455284
"Class: 3",0.862068965517241,0.792207792207792,0.609756097560976,0.938461538461538,0.609756097560976,0.862068965517241,0.714285714285714,0.273584905660377,0.235849056603774,0.386792452830189,0.827138378862517
"Class: 4",0.6,0.953488372093023,0.75,0.911111111111111,0.75,0.6,0.666666666666667,0.188679245283019,0.113207547169811,0.150943396226415,0.776744186046512
