"","Sensitivity","Specificity","Pos Pred Value","Neg Pred Value","Precision","Recall","F1","Prevalence","Detection Rate","Detection Prevalence","Balanced Accuracy"
"Class: 1",0.96969696969697,0.958904109589041,0.914285714285714,0.985915492957746,0.914285714285714,0.96969696969697,0.941176470588235,0.311320754716981,0.30188679245283,0.330188679245283,0.964300539643005
"Class: 2",0.625,0.975609756097561,0.88235294117647,0.898876404494382,0.882352941176471,0.625,0.731707317073171,0.226415094339623,0.141509433962264,0.160377358490566,0.80030487804878
"Class: 3",0.896551724137931,0.87012987012987,0.722222222222222,0.957142857142857,0.722222222222222,0.896551724137931,0.8,0.273584905660377,0.245283018867925,0.339622641509434,0.883340797133901
"Class: 4",0.5,0.906976744186046,0.555555555555555,0.886363636363636,0.555555555555556,0.5,0.526315789473684,0.188679245283019,0.0943396226415094,0.169811320754717,0.703488372093023
