"","Sensitivity","Specificity","Pos Pred Value","Neg Pred Value","Precision","Recall","F1","Prevalence","Detection Rate","Detection Prevalence","Balanced Accuracy"
"Class: 1",1,0.958904109589041,0.916666666666667,1,0.916666666666667,1,0.956521739130435,0.311320754716981,0.311320754716981,0.339622641509434,0.97945205479452
"Class: 2",0.791666666666667,0.939024390243902,0.791666666666667,0.939024390243902,0.791666666666667,0.791666666666667,0.791666666666667,0.226415094339623,0.179245283018868,0.226415094339623,0.865345528455284
"Class: 3",0.793103448275862,0.883116883116883,0.71875,0.918918918918919,0.71875,0.793103448275862,0.754098360655738,0.273584905660377,0.216981132075472,0.30188679245283,0.838110165696373
"Class: 4",0.55,0.965116279069767,0.785714285714286,0.902173913043478,0.785714285714286,0.55,0.647058823529412,0.188679245283019,0.10377358490566,0.132075471698113,0.757558139534884
