"","Sensitivity","Specificity","Pos Pred Value","Neg Pred Value","Precision","Recall","F1","Prevalence","Detection Rate","Detection Prevalence","Balanced Accuracy"
"Class: 1",0.939393939393939,0.972602739726027,0.939393939393939,0.972602739726027,0.939393939393939,0.939393939393939,0.939393939393939,0.311320754716981,0.292452830188679,0.311320754716981,0.955998339559983
"Class: 2",0.625,0.963414634146341,0.833333333333333,0.897727272727273,0.833333333333333,0.625,0.714285714285714,0.226415094339623,0.141509433962264,0.169811320754717,0.794207317073171
"Class: 3",0.862068965517241,0.844155844155844,0.675675675675676,0.942028985507246,0.675675675675676,0.862068965517241,0.757575757575758,0.273584905660377,0.235849056603774,0.349056603773585,0.853112404836543
"Class: 4",0.7,0.953488372093023,0.777777777777778,0.931818181818182,0.777777777777778,0.7,0.736842105263158,0.188679245283019,0.132075471698113,0.169811320754717,0.826744186046512
